تاريخ,الفجر,الظهر,العصر,المغرب,العشاء,place
2025-01-01,07:13,13:26,16:06,18:24,19:38,مدينة مكناس - المغرب
2025-01-02,07:14,13:26,16:07,18:25,19:39,مدينة مكناس - المغرب
2025-01-03,07:14,13:27,16:07,18:26,19:40,مدينة مكناس - المغرب
2025-01-04,07:14,13:27,16:08,18:27,19:41,مدينة مكناس - المغرب
2025-01-05,07:14,13:28,16:09,18:28,19:41,مدينة مكناس - المغرب
2025-01-06,07:14,13:28,16:10,18:28,19:42,مدينة مكناس - المغرب
2025-01-07,07:14,13:29,16:10,18:29,19:43,مدينة مكناس - المغرب
2025-01-08,07:15,13:29,16:11,18:30,19:44,مدينة مكناس - المغرب
2025-01-09,07:15,13:29,16:12,18:31,19:44,مدينة مكناس - المغرب
2025-01-10,07:15,13:30,16:13,18:32,19:45,مدينة مكناس - المغرب
2025-01-11,07:15,13:30,16:13,18:33,19:46,مدينة مكناس - المغرب
2025-01-12,07:15,13:31,16:14,18:34,19:47,مدينة مكناس - المغرب
2025-01-13,07:15,13:31,16:15,18:35,19:48,مدينة مكناس - المغرب
2025-01-14,07:14,13:31,16:16,18:36,19:48,مدينة مكناس - المغرب
2025-01-15,07:14,13:32,16:17,18:37,19:49,مدينة مكناس - المغرب
2025-01-16,07:14,13:32,16:17,18:37,19:50,مدينة مكناس - المغرب
2025-01-17,07:14,13:32,16:18,18:38,19:51,مدينة مكناس - المغرب
2025-01-18,07:14,13:33,16:19,18:39,19:52,مدينة مكناس - المغرب
2025-01-19,07:14,13:33,16:20,18:40,19:53,مدينة مكناس - المغرب
2025-01-20,07:13,13:33,16:21,18:41,19:54,مدينة مكناس - المغرب
2025-01-21,07:13,13:34,16:22,18:42,19:54,مدينة مكناس - المغرب
2025-01-22,07:13,13:34,16:22,18:43,19:55,مدينة مكناس - المغرب
2025-01-23,07:12,13:34,16:23,18:44,19:56,مدينة مكناس - المغرب
2025-01-24,07:12,13:34,16:24,18:45,19:57,مدينة مكناس - المغرب
2025-01-25,07:12,13:35,16:25,18:46,19:58,مدينة مكناس - المغرب
2025-01-26,07:11,13:35,16:26,18:47,19:59,مدينة مكناس - المغرب
2025-01-27,07:11,13:35,16:27,18:48,20:00,مدينة مكناس - المغرب
2025-01-28,07:10,13:35,16:27,18:49,20:00,مدينة مكناس - المغرب
2025-01-29,07:10,13:35,16:28,18:50,20:01,مدينة مكناس - المغرب
2025-01-30,07:09,13:35,16:29,18:51,20:02,مدينة مكناس - المغرب
2025-01-31,07:09,13:36,16:30,18:52,20:03,مدينة مكناس - المغرب
2025-02-01,07:08,13:36,16:31,18:53,20:04,مدينة مكناس - المغرب
2025-02-02,07:07,13:36,16:32,18:54,20:05,مدينة مكناس - المغرب
2025-02-03,07:07,13:36,16:32,18:55,20:06,مدينة مكناس - المغرب
2025-02-04,07:06,13:36,16:33,18:56,20:06,مدينة مكناس - المغرب
2025-02-05,07:05,13:36,16:34,18:57,20:07,مدينة مكناس - المغرب
2025-02-06,07:05,13:36,16:35,18:58,20:08,مدينة مكناس - المغرب
2025-02-07,07:04,13:36,16:35,18:59,20:09,مدينة مكناس - المغرب
2025-02-08,07:03,13:36,16:36,19:00,20:10,مدينة مكناس - المغرب
2025-02-09,07:02,13:36,16:37,19:01,20:11,مدينة مكناس - المغرب
2025-02-10,07:02,13:36,16:38,19:02,20:12,مدينة مكناس - المغرب
2025-02-11,07:01,13:36,16:38,19:03,20:12,مدينة مكناس - المغرب
2025-02-12,07:00,13:36,16:39,19:04,20:13,مدينة مكناس - المغرب
2025-02-13,06:59,13:36,16:40,19:05,20:14,مدينة مكناس - المغرب
2025-02-14,06:58,13:36,16:40,19:06,20:15,مدينة مكناس - المغرب
2025-02-15,06:57,13:36,16:41,19:06,20:16,مدينة مكناس - المغرب
2025-02-16,06:56,13:36,16:42,19:07,20:17,مدينة مكناس - المغرب
2025-02-17,06:55,13:36,16:42,19:08,20:17,مدينة مكناس - المغرب
2025-02-18,06:54,13:36,16:43,19:09,20:18,مدينة مكناس - المغرب
2025-02-19,06:53,13:36,16:44,19:10,20:19,مدينة مكناس - المغرب
2025-02-20,06:52,13:36,16:44,19:11,20:20,مدينة مكناس - المغرب
2025-02-21,06:51,13:36,16:45,19:12,20:21,مدينة مكناس - المغرب
2025-02-22,06:50,13:36,16:45,19:13,20:22,مدينة مكناس - المغرب
2025-02-23,05:49,12:35,15:46,18:14,19:22,مدينة مكناس - المغرب
2025-02-24,05:48,12:35,15:46,18:14,19:23,مدينة مكناس - المغرب
2025-02-25,05:47,12:35,15:47,18:15,19:24,مدينة مكناس - المغرب
2025-02-26,05:46,12:35,15:48,18:16,19:25,مدينة مكناس - المغرب
2025-02-27,05:45,12:35,15:48,18:17,19:26,مدينة مكناس - المغرب
2025-02-28,05:43,12:35,15:49,18:18,19:26,مدينة مكناس - المغرب
2025-03-01,05:42,12:34,15:49,18:19,19:27,مدينة مكناس - المغرب
2025-03-02,05:41,12:34,15:50,18:20,19:28,مدينة مكناس - المغرب
2025-03-03,05:40,12:34,15:50,18:20,19:29,مدينة مكناس - المغرب
2025-03-04,05:39,12:34,15:50,18:21,19:30,مدينة مكناس - المغرب
2025-03-05,05:37,12:34,15:51,18:22,19:30,مدينة مكناس - المغرب
2025-03-06,05:36,12:33,15:51,18:23,19:31,مدينة مكناس - المغرب
2025-03-07,05:35,12:33,15:52,18:24,19:32,مدينة مكناس - المغرب
2025-03-08,05:33,12:33,15:52,18:25,19:33,مدينة مكناس - المغرب
2025-03-09,05:32,12:33,15:53,18:25,19:34,مدينة مكناس - المغرب
2025-03-10,05:31,12:32,15:53,18:26,19:34,مدينة مكناس - المغرب
2025-03-11,05:30,12:32,15:53,18:27,19:35,مدينة مكناس - المغرب
2025-03-12,05:28,12:32,15:54,18:28,19:36,مدينة مكناس - المغرب
2025-03-13,05:27,12:32,15:54,18:29,19:37,مدينة مكناس - المغرب
2025-03-14,05:25,12:31,15:54,18:29,19:38,مدينة مكناس - المغرب
2025-03-15,05:24,12:31,15:55,18:30,19:39,مدينة مكناس - المغرب
2025-03-16,05:23,12:31,15:55,18:31,19:39,مدينة مكناس - المغرب
2025-03-17,05:21,12:30,15:55,18:32,19:40,مدينة مكناس - المغرب
2025-03-18,05:20,12:30,15:56,18:32,19:41,مدينة مكناس - المغرب
2025-03-19,05:19,12:30,15:56,18:33,19:42,مدينة مكناس - المغرب
2025-03-20,05:17,12:30,15:56,18:34,19:43,مدينة مكناس - المغرب
2025-03-21,05:16,12:29,15:56,18:35,19:43,مدينة مكناس - المغرب
2025-03-22,05:14,12:29,15:57,18:35,19:44,مدينة مكناس - المغرب
2025-03-23,05:13,12:29,15:57,18:36,19:45,مدينة مكناس - المغرب
2025-03-24,05:11,12:28,15:57,18:37,19:46,مدينة مكناس - المغرب
2025-03-25,05:10,12:28,15:57,18:38,19:47,مدينة مكناس - المغرب
2025-03-26,05:09,12:28,15:58,18:38,19:48,مدينة مكناس - المغرب
2025-03-27,05:07,12:27,15:58,18:39,19:48,مدينة مكناس - المغرب
2025-03-28,05:06,12:27,15:58,18:40,19:49,مدينة مكناس - المغرب
2025-03-29,05:04,12:27,15:58,18:41,19:50,مدينة مكناس - المغرب
2025-03-30,05:03,12:27,15:58,18:42,19:51,مدينة مكناس - المغرب
2025-03-31,05:01,12:26,15:58,18:42,19:52,مدينة مكناس - المغرب
2025-04-01,05:00,12:26,15:59,18:43,19:53,مدينة مكناس - المغرب
2025-04-02,04:58,12:26,15:59,18:44,19:54,مدينة مكناس - المغرب
2025-04-03,04:57,12:25,15:59,18:45,19:55,مدينة مكناس - المغرب
2025-04-04,04:55,12:25,15:59,18:45,19:55,مدينة مكناس - المغرب
2025-04-05,04:54,12:25,15:59,18:46,19:56,مدينة مكناس - المغرب
2025-04-06,05:53,13:25,16:59,19:47,20:57,مدينة مكناس - المغرب
2025-04-07,05:51,13:24,16:59,19:48,20:58,مدينة مكناس - المغرب
2025-04-08,05:50,13:24,17:00,19:48,20:59,مدينة مكناس - المغرب
2025-04-09,05:48,13:24,17:00,19:49,21:00,مدينة مكناس - المغرب
2025-04-10,05:47,13:23,17:00,19:50,21:01,مدينة مكناس - المغرب
2025-04-11,05:45,13:23,17:00,19:51,21:02,مدينة مكناس - المغرب
2025-04-12,05:44,13:23,17:00,19:51,21:03,مدينة مكناس - المغرب
2025-04-13,05:42,13:23,17:00,19:52,21:04,مدينة مكناس - المغرب
2025-04-14,05:41,13:22,17:00,19:53,21:05,مدينة مكناس - المغرب
2025-04-15,05:40,13:22,17:00,19:54,21:05,مدينة مكناس - المغرب
2025-04-16,05:38,13:22,17:00,19:54,21:06,مدينة مكناس - المغرب
2025-04-17,05:37,13:22,17:00,19:55,21:07,مدينة مكناس - المغرب
2025-04-18,05:35,13:21,17:00,19:56,21:08,مدينة مكناس - المغرب
2025-04-19,05:34,13:21,17:00,19:57,21:09,مدينة مكناس - المغرب
2025-04-20,05:33,13:21,17:01,19:57,21:10,مدينة مكناس - المغرب
2025-04-21,05:31,13:21,17:01,19:58,21:11,مدينة مكناس - المغرب
2025-04-22,05:30,13:21,17:01,19:59,21:12,مدينة مكناس - المغرب
2025-04-23,05:28,13:20,17:01,20:00,21:13,مدينة مكناس - المغرب
2025-04-24,05:27,13:20,17:01,20:00,21:14,مدينة مكناس - المغرب
2025-04-25,05:26,13:20,17:01,20:01,21:15,مدينة مكناس - المغرب
2025-04-26,05:24,13:20,17:01,20:02,21:16,مدينة مكناس - المغرب
2025-04-27,05:23,13:20,17:01,20:03,21:17,مدينة مكناس - المغرب
2025-04-28,05:22,13:20,17:01,20:04,21:18,مدينة مكناس - المغرب
2025-04-29,05:20,13:20,17:01,20:04,21:19,مدينة مكناس - المغرب
2025-04-30,05:19,13:19,17:01,20:05,21:20,مدينة مكناس - المغرب
2025-05-01,05:18,13:19,17:01,20:06,21:21,مدينة مكناس - المغرب
2025-05-02,05:17,13:19,17:01,20:07,21:22,مدينة مكناس - المغرب
2025-05-03,05:16,13:19,17:01,20:07,21:23,مدينة مكناس - المغرب
2025-05-04,05:14,13:19,17:01,20:08,21:24,مدينة مكناس - المغرب
2025-05-05,05:13,13:19,17:01,20:09,21:25,مدينة مكناس - المغرب
2025-05-06,05:12,13:19,17:02,20:10,21:26,مدينة مكناس - المغرب
2025-05-07,05:11,13:19,17:02,20:11,21:27,مدينة مكناس - المغرب
2025-05-08,05:10,13:19,17:02,20:11,21:28,مدينة مكناس - المغرب
2025-05-09,05:09,13:19,17:02,20:12,21:29,مدينة مكناس - المغرب
2025-05-10,05:07,13:19,17:02,20:13,21:30,مدينة مكناس - المغرب
2025-05-11,05:06,13:19,17:02,20:14,21:31,مدينة مكناس - المغرب
2025-05-12,05:05,13:19,17:02,20:14,21:32,مدينة مكناس - المغرب
2025-05-13,05:04,13:19,17:02,20:15,21:33,مدينة مكناس - المغرب
2025-05-14,05:03,13:19,17:02,20:16,21:34,مدينة مكناس - المغرب
2025-05-15,05:02,13:19,17:02,20:17,21:35,مدينة مكناس - المغرب
2025-05-16,05:01,13:19,17:02,20:17,21:36,مدينة مكناس - المغرب
2025-05-17,05:00,13:19,17:03,20:18,21:37,مدينة مكناس - المغرب
2025-05-18,05:00,13:19,17:03,20:19,21:38,مدينة مكناس - المغرب
2025-05-19,04:59,13:19,17:03,20:20,21:39,مدينة مكناس - المغرب
2025-05-20,04:58,13:19,17:03,20:20,21:40,مدينة مكناس - المغرب
2025-05-21,04:57,13:19,17:03,20:21,21:41,مدينة مكناس - المغرب
2025-05-22,04:56,13:19,17:03,20:22,21:42,مدينة مكناس - المغرب
2025-05-23,04:55,13:19,17:03,20:22,21:43,مدينة مكناس - المغرب
2025-05-24,04:55,13:19,17:03,20:23,21:44,مدينة مكناس - المغرب
2025-05-25,04:54,13:19,17:04,20:24,21:45,مدينة مكناس - المغرب
2025-05-26,04:53,13:19,17:04,20:24,21:46,مدينة مكناس - المغرب
2025-05-27,04:53,13:19,17:04,20:25,21:47,مدينة مكناس - المغرب
2025-05-28,04:52,13:20,17:04,20:26,21:47,مدينة مكناس - المغرب
2025-05-29,04:51,13:20,17:04,20:26,21:48,مدينة مكناس - المغرب
2025-05-30,04:51,13:20,17:04,20:27,21:49,مدينة مكناس - المغرب
2025-05-31,04:50,13:20,17:05,20:28,21:50,مدينة مكناس - المغرب
2025-06-01,04:50,13:20,17:05,20:28,21:51,مدينة مكناس - المغرب
2025-06-02,04:49,13:20,17:05,20:29,21:51,مدينة مكناس - المغرب
2025-06-03,04:49,13:20,17:05,20:29,21:52,مدينة مكناس - المغرب
2025-06-04,04:49,13:21,17:05,20:30,21:53,مدينة مكناس - المغرب
2025-06-05,04:48,13:21,17:05,20:30,21:53,مدينة مكناس - المغرب
2025-06-06,04:48,13:21,17:06,20:31,21:54,مدينة مكناس - المغرب
2025-06-07,04:48,13:21,17:06,20:31,21:55,مدينة مكناس - المغرب
2025-06-08,04:48,13:21,17:06,20:32,21:55,مدينة مكناس - المغرب
2025-06-09,04:47,13:22,17:06,20:32,21:56,مدينة مكناس - المغرب
2025-06-10,04:47,13:22,17:07,20:33,21:57,مدينة مكناس - المغرب
2025-06-11,04:47,13:22,17:07,20:33,21:57,مدينة مكناس - المغرب
2025-06-12,04:47,13:22,17:07,20:34,21:58,مدينة مكناس - المغرب
2025-06-13,04:47,13:22,17:07,20:34,21:58,مدينة مكناس - المغرب
2025-06-14,04:47,13:23,17:07,20:34,21:58,مدينة مكناس - المغرب
2025-06-15,04:47,13:23,17:08,20:35,21:59,مدينة مكناس - المغرب
2025-06-16,04:47,13:23,17:08,20:35,21:59,مدينة مكناس - المغرب
2025-06-17,04:47,13:23,17:08,20:35,22:00,مدينة مكناس - المغرب
2025-06-18,04:47,13:23,17:08,20:36,22:00,مدينة مكناس - المغرب
2025-06-19,04:47,13:24,17:09,20:36,22:00,مدينة مكناس - المغرب
2025-06-20,04:47,13:24,17:09,20:36,22:00,مدينة مكناس - المغرب
2025-06-21,04:47,13:24,17:09,20:36,22:01,مدينة مكناس - المغرب
2025-06-22,04:48,13:24,17:09,20:37,22:01,مدينة مكناس - المغرب
2025-06-23,04:48,13:25,17:09,20:37,22:01,مدينة مكناس - المغرب
2025-06-24,04:48,13:25,17:10,20:37,22:01,مدينة مكناس - المغرب
2025-06-25,04:49,13:25,17:10,20:37,22:01,مدينة مكناس - المغرب
2025-06-26,04:49,13:25,17:10,20:37,22:01,مدينة مكناس - المغرب
2025-06-27,04:49,13:25,17:10,20:37,22:01,مدينة مكناس - المغرب
2025-06-28,04:50,13:26,17:11,20:37,22:01,مدينة مكناس - المغرب
2025-06-29,04:50,13:26,17:11,20:37,22:01,مدينة مكناس - المغرب
2025-06-30,04:51,13:26,17:11,20:37,22:01,مدينة مكناس - المغرب
2025-07-01,04:51,13:26,17:11,20:37,22:01,مدينة مكناس - المغرب
2025-07-02,04:52,13:26,17:11,20:37,22:01,مدينة مكناس - المغرب
2025-07-03,04:52,13:27,17:12,20:37,22:00,مدينة مكناس - المغرب
2025-07-04,04:53,13:27,17:12,20:37,22:00,مدينة مكناس - المغرب
2025-07-05,04:54,13:27,17:12,20:37,22:00,مدينة مكناس - المغرب
2025-07-06,04:54,13:27,17:12,20:37,22:00,مدينة مكناس - المغرب
2025-07-07,04:55,13:27,17:12,20:36,21:59,مدينة مكناس - المغرب
2025-07-08,04:56,13:27,17:12,20:36,21:59,مدينة مكناس - المغرب
2025-07-09,04:56,13:27,17:13,20:36,21:58,مدينة مكناس - المغرب
2025-07-10,04:57,13:28,17:13,20:36,21:58,مدينة مكناس - المغرب
2025-07-11,04:58,13:28,17:13,20:35,21:57,مدينة مكناس - المغرب
2025-07-12,04:59,13:28,17:13,20:35,21:57,مدينة مكناس - المغرب
2025-07-13,04:59,13:28,17:13,20:35,21:56,مدينة مكناس - المغرب
2025-07-14,05:00,13:28,17:13,20:34,21:56,مدينة مكناس - المغرب
2025-07-15,05:01,13:28,17:13,20:34,21:55,مدينة مكناس - المغرب
2025-07-16,05:02,13:28,17:13,20:33,21:55,مدينة مكناس - المغرب
2025-07-17,05:03,13:28,17:13,20:33,21:54,مدينة مكناس - المغرب
2025-07-18,05:03,13:28,17:14,20:32,21:53,مدينة مكناس - المغرب
2025-07-19,05:04,13:29,17:14,20:32,21:52,مدينة مكناس - المغرب
2025-07-20,05:05,13:29,17:14,20:31,21:52,مدينة مكناس - المغرب
2025-07-21,05:06,13:29,17:14,20:31,21:51,مدينة مكناس - المغرب
2025-07-22,05:07,13:29,17:14,20:30,21:50,مدينة مكناس - المغرب
2025-07-23,05:08,13:29,17:14,20:29,21:49,مدينة مكناس - المغرب
2025-07-24,05:09,13:29,17:14,20:29,21:48,مدينة مكناس - المغرب
2025-07-25,05:10,13:29,17:14,20:28,21:47,مدينة مكناس - المغرب
2025-07-26,05:11,13:29,17:13,20:27,21:46,مدينة مكناس - المغرب
2025-07-27,05:12,13:29,17:13,20:27,21:45,مدينة مكناس - المغرب
2025-07-28,05:13,13:29,17:13,20:26,21:44,مدينة مكناس - المغرب
2025-07-29,05:14,13:29,17:13,20:25,21:43,مدينة مكناس - المغرب
2025-07-30,05:14,13:29,17:13,20:24,21:42,مدينة مكناس - المغرب
2025-07-31,05:15,13:29,17:13,20:24,21:41,مدينة مكناس - المغرب
2025-08-01,05:16,13:29,17:13,20:23,21:40,مدينة مكناس - المغرب
2025-08-02,05:17,13:28,17:13,20:22,21:39,مدينة مكناس - المغرب
2025-08-03,05:18,13:28,17:12,20:21,21:38,مدينة مكناس - المغرب
2025-08-04,05:19,13:28,17:12,20:20,21:37,مدينة مكناس - المغرب
2025-08-05,05:20,13:28,17:12,20:19,21:36,مدينة مكناس - المغرب
2025-08-06,05:21,13:28,17:12,20:18,21:34,مدينة مكناس - المغرب
2025-08-07,05:22,13:28,17:12,20:17,21:33,مدينة مكناس - المغرب
2025-08-08,05:23,13:28,17:11,20:16,21:32,مدينة مكناس - المغرب
2025-08-09,05:24,13:28,17:11,20:15,21:31,مدينة مكناس - المغرب
2025-08-10,05:25,13:28,17:11,20:14,21:29,مدينة مكناس - المغرب
2025-08-11,05:26,13:27,17:10,20:13,21:28,مدينة مكناس - المغرب
2025-08-12,05:27,13:27,17:10,20:12,21:27,مدينة مكناس - المغرب
2025-08-13,05:28,13:27,17:10,20:11,21:26,مدينة مكناس - المغرب
2025-08-14,05:29,13:27,17:09,20:10,21:24,مدينة مكناس - المغرب
2025-08-15,05:30,13:27,17:09,20:09,21:23,مدينة مكناس - المغرب
2025-08-16,05:31,13:26,17:08,20:08,21:22,مدينة مكناس - المغرب
2025-08-17,05:32,13:26,17:08,20:06,21:20,مدينة مكناس - المغرب
2025-08-18,05:33,13:26,17:08,20:05,21:19,مدينة مكناس - المغرب
2025-08-19,05:33,13:26,17:07,20:04,21:17,مدينة مكناس - المغرب
2025-08-20,05:34,13:26,17:07,20:03,21:16,مدينة مكناس - المغرب
2025-08-21,05:35,13:25,17:06,20:02,21:15,مدينة مكناس - المغرب
2025-08-22,05:36,13:25,17:06,20:01,21:13,مدينة مكناس - المغرب
2025-08-23,05:37,13:25,17:05,19:59,21:12,مدينة مكناس - المغرب
2025-08-24,05:38,13:24,17:05,19:58,21:10,مدينة مكناس - المغرب
2025-08-25,05:39,13:24,17:04,19:57,21:09,مدينة مكناس - المغرب
2025-08-26,05:40,13:24,17:03,19:56,21:07,مدينة مكناس - المغرب
2025-08-27,05:41,13:24,17:03,19:54,21:06,مدينة مكناس - المغرب
2025-08-28,05:42,13:23,17:02,19:53,21:05,مدينة مكناس - المغرب
2025-08-29,05:42,13:23,17:02,19:52,21:03,مدينة مكناس - المغرب
2025-08-30,05:43,13:23,17:01,19:50,21:02,مدينة مكناس - المغرب
2025-08-31,05:44,13:22,17:00,19:49,21:00,مدينة مكناس - المغرب
2025-09-01,05:45,13:22,17:00,19:48,20:59,مدينة مكناس - المغرب
2025-09-02,05:46,13:22,16:59,19:46,20:57,مدينة مكناس - المغرب
2025-09-03,05:47,13:21,16:58,19:45,20:56,مدينة مكناس - المغرب
2025-09-04,05:47,13:21,16:58,19:44,20:54,مدينة مكناس - المغرب
2025-09-05,05:48,13:21,16:57,19:42,20:53,مدينة مكناس - المغرب
2025-09-06,05:49,13:20,16:56,19:41,20:51,مدينة مكناس - المغرب
2025-09-07,05:50,13:20,16:55,19:40,20:50,مدينة مكناس - المغرب
2025-09-08,05:51,13:20,16:55,19:38,20:48,مدينة مكناس - المغرب
2025-09-09,05:52,13:19,16:54,19:37,20:47,مدينة مكناس - المغرب
2025-09-10,05:52,13:19,16:53,19:35,20:45,مدينة مكناس - المغرب
2025-09-11,05:53,13:19,16:52,19:34,20:44,مدينة مكناس - المغرب
2025-09-12,05:54,13:18,16:51,19:33,20:42,مدينة مكناس - المغرب
2025-09-13,05:55,13:18,16:51,19:31,20:41,مدينة مكناس - المغرب
2025-09-14,05:56,13:18,16:50,19:30,20:39,مدينة مكناس - المغرب
2025-09-15,05:56,13:17,16:49,19:29,20:38,مدينة مكناس - المغرب
2025-09-16,05:57,13:17,16:48,19:27,20:36,مدينة مكناس - المغرب
2025-09-17,05:58,13:17,16:47,19:26,20:35,مدينة مكناس - المغرب
2025-09-18,05:59,13:16,16:46,19:24,20:33,مدينة مكناس - المغرب
2025-09-19,05:59,13:16,16:45,19:23,20:32,مدينة مكناس - المغرب
2025-09-20,06:00,13:16,16:45,19:22,20:30,مدينة مكناس - المغرب
2025-09-21,06:01,13:15,16:44,19:20,20:29,مدينة مكناس - المغرب
2025-09-22,06:02,13:15,16:43,19:19,20:27,مدينة مكناس - المغرب
2025-09-23,06:02,13:14,16:42,19:17,20:26,مدينة مكناس - المغرب
2025-09-24,06:03,13:14,16:41,19:16,20:25,مدينة مكناس - المغرب
2025-09-25,06:04,13:14,16:40,19:15,20:23,مدينة مكناس - المغرب
2025-09-26,06:05,13:13,16:39,19:13,20:22,مدينة مكناس - المغرب
2025-09-27,06:05,13:13,16:38,19:12,20:20,مدينة مكناس - المغرب
2025-09-28,06:06,13:13,16:37,19:10,20:19,مدينة مكناس - المغرب
2025-09-29,06:07,13:12,16:36,19:09,20:17,مدينة مكناس - المغرب
2025-09-30,06:08,13:12,16:36,19:08,20:16,مدينة مكناس - المغرب
2025-10-01,06:08,13:12,16:35,19:06,20:15,مدينة مكناس - المغرب
2025-10-02,06:09,13:11,16:34,19:05,20:13,مدينة مكناس - المغرب
2025-10-03,06:10,13:11,16:33,19:04,20:12,مدينة مكناس - المغرب
2025-10-04,06:11,13:11,16:32,19:02,20:11,مدينة مكناس - المغرب
2025-10-05,06:11,13:11,16:31,19:01,20:09,مدينة مكناس - المغرب
2025-10-06,06:12,13:10,16:30,19:00,20:08,مدينة مكناس - المغرب
2025-10-07,06:13,13:10,16:29,18:58,20:07,مدينة مكناس - المغرب
2025-10-08,06:13,13:10,16:28,18:57,20:05,مدينة مكناس - المغرب
2025-10-09,06:14,13:09,16:27,18:56,20:04,مدينة مكناس - المغرب
2025-10-10,06:15,13:09,16:26,18:54,20:03,مدينة مكناس - المغرب
2025-10-11,06:16,13:09,16:25,18:53,20:02,مدينة مكناس - المغرب
2025-10-12,06:16,13:09,16:24,18:52,20:00,مدينة مكناس - المغرب
2025-10-13,06:17,13:08,16:23,18:51,19:59,مدينة مكناس - المغرب
2025-10-14,06:18,13:08,16:23,18:49,19:58,مدينة مكناس - المغرب
2025-10-15,06:19,13:08,16:22,18:48,19:57,مدينة مكناس - المغرب
2025-10-16,06:19,13:08,16:21,18:47,19:55,مدينة مكناس - المغرب
2025-10-17,06:20,13:07,16:20,18:46,19:54,مدينة مكناس - المغرب
2025-10-18,06:21,13:07,16:19,18:44,19:53,مدينة مكناس - المغرب
2025-10-19,06:22,13:07,16:18,18:43,19:52,مدينة مكناس - المغرب
2025-10-20,06:22,13:07,16:17,18:42,19:51,مدينة مكناس - المغرب
2025-10-21,06:23,13:07,16:16,18:41,19:50,مدينة مكناس - المغرب
2025-10-22,06:24,13:07,16:15,18:40,19:49,مدينة مكناس - المغرب
2025-10-23,06:25,13:06,16:15,18:39,19:48,مدينة مكناس - المغرب
2025-10-24,06:25,13:06,16:14,18:38,19:47,مدينة مكناس - المغرب
2025-10-25,06:26,13:06,16:13,18:36,19:46,مدينة مكناس - المغرب
2025-10-26,06:27,13:06,16:12,18:35,19:45,مدينة مكناس - المغرب
2025-10-27,06:28,13:06,16:11,18:34,19:44,مدينة مكناس - المغرب
2025-10-28,06:29,13:06,16:11,18:33,19:43,مدينة مكناس - المغرب
2025-10-29,06:29,13:06,16:10,18:32,19:42,مدينة مكناس - المغرب
2025-10-30,06:30,13:06,16:09,18:31,19:41,مدينة مكناس - المغرب
2025-10-31,06:31,13:06,16:08,18:30,19:40,مدينة مكناس - المغرب
2025-11-01,06:32,13:06,16:07,18:29,19:39,مدينة مكناس - المغرب
2025-11-02,06:32,13:06,16:07,18:28,19:39,مدينة مكناس - المغرب
2025-11-03,06:33,13:06,16:06,18:28,19:38,مدينة مكناس - المغرب
2025-11-04,06:34,13:06,16:05,18:27,19:37,مدينة مكناس - المغرب
2025-11-05,06:35,13:06,16:05,18:26,19:36,مدينة مكناس - المغرب
2025-11-06,06:36,13:06,16:04,18:25,19:36,مدينة مكناس - المغرب
2025-11-07,06:36,13:06,16:03,18:24,19:35,مدينة مكناس - المغرب
2025-11-08,06:37,13:06,16:03,18:23,19:34,مدينة مكناس - المغرب
2025-11-09,06:38,13:06,16:02,18:23,19:34,مدينة مكناس - المغرب
2025-11-10,06:39,13:06,16:02,18:22,19:33,مدينة مكناس - المغرب
2025-11-11,06:40,13:06,16:01,18:21,19:32,مدينة مكناس - المغرب
2025-11-12,06:41,13:06,16:01,18:21,19:32,مدينة مكناس - المغرب
2025-11-13,06:41,13:06,16:00,18:20,19:31,مدينة مكناس - المغرب
2025-11-14,06:42,13:07,16:00,18:19,19:31,مدينة مكناس - المغرب
2025-11-15,06:43,13:07,15:59,18:19,19:30,مدينة مكناس - المغرب
2025-11-16,06:44,13:07,15:59,18:18,19:30,مدينة مكناس - المغرب
2025-11-17,06:45,13:07,15:58,18:18,19:29,مدينة مكناس - المغرب
2025-11-18,06:45,13:07,15:58,18:17,19:29,مدينة مكناس - المغرب
2025-11-19,06:46,13:08,15:57,18:17,19:29,مدينة مكناس - المغرب
2025-11-20,06:47,13:08,15:57,18:16,19:28,مدينة مكناس - المغرب
2025-11-21,06:48,13:08,15:57,18:16,19:28,مدينة مكناس - المغرب
2025-11-22,06:49,13:08,15:56,18:15,19:28,مدينة مكناس - المغرب
2025-11-23,06:50,13:09,15:56,18:15,19:27,مدينة مكناس - المغرب
2025-11-24,06:50,13:09,15:56,18:15,19:27,مدينة مكناس - المغرب
2025-11-25,06:51,13:09,15:56,18:14,19:27,مدينة مكناس - المغرب
2025-11-26,06:52,13:10,15:56,18:14,19:27,مدينة مكناس - المغرب
2025-11-27,06:53,13:10,15:55,18:14,19:27,مدينة مكناس - المغرب
2025-11-28,06:54,13:10,15:55,18:14,19:27,مدينة مكناس - المغرب
2025-11-29,06:54,13:11,15:55,18:13,19:27,مدينة مكناس - المغرب
2025-11-30,06:55,13:11,15:55,18:13,19:27,مدينة مكناس - المغرب
2025-12-01,06:56,13:11,15:55,18:13,19:26,مدينة مكناس - المغرب
2025-12-02,06:57,13:12,15:55,18:13,19:26,مدينة مكناس - المغرب
2025-12-03,06:57,13:12,15:55,18:13,19:27,مدينة مكناس - المغرب
2025-12-04,06:58,13:12,15:55,18:13,19:27,مدينة مكناس - المغرب
2025-12-05,06:59,13:13,15:55,18:13,19:27,مدينة مكناس - المغرب
2025-12-06,07:00,13:13,15:55,18:13,19:27,مدينة مكناس - المغرب
2025-12-07,07:00,13:14,15:55,18:13,19:27,مدينة مكناس - المغرب
2025-12-08,07:01,13:14,15:55,18:13,19:27,مدينة مكناس - المغرب
2025-12-09,07:02,13:15,15:55,18:13,19:27,مدينة مكناس - المغرب
2025-12-10,07:02,13:15,15:56,18:14,19:28,مدينة مكناس - المغرب
2025-12-11,07:03,13:16,15:56,18:14,19:28,مدينة مكناس - المغرب
2025-12-12,07:04,13:16,15:56,18:14,19:28,مدينة مكناس - المغرب
2025-12-13,07:04,13:16,15:56,18:14,19:28,مدينة مكناس - المغرب
2025-12-14,07:05,13:17,15:57,18:15,19:29,مدينة مكناس - المغرب
2025-12-15,07:06,13:17,15:57,18:15,19:29,مدينة مكناس - المغرب
2025-12-16,07:06,13:18,15:57,18:15,19:29,مدينة مكناس - المغرب
2025-12-17,07:07,13:18,15:58,18:16,19:30,مدينة مكناس - المغرب
2025-12-18,07:07,13:19,15:58,18:16,19:30,مدينة مكناس - المغرب
2025-12-19,07:08,13:19,15:58,18:16,19:31,مدينة مكناس - المغرب
2025-12-20,07:09,13:20,15:59,18:17,19:31,مدينة مكناس - المغرب
2025-12-21,07:09,13:20,15:59,18:17,19:32,مدينة مكناس - المغرب
2025-12-22,07:10,13:21,16:00,18:18,19:32,مدينة مكناس - المغرب
2025-12-23,07:10,13:21,16:00,18:18,19:33,مدينة مكناس - المغرب
2025-12-24,07:11,13:22,16:01,18:19,19:33,مدينة مكناس - المغرب
2025-12-25,07:11,13:22,16:01,18:20,19:34,مدينة مكناس - المغرب
2025-12-26,07:11,13:23,16:02,18:20,19:34,مدينة مكناس - المغرب
2025-12-27,07:12,13:23,16:03,18:21,19:35,مدينة مكناس - المغرب
2025-12-28,07:12,13:24,16:03,18:21,19:36,مدينة مكناس - المغرب
2025-12-29,07:12,13:24,16:04,18:22,19:36,مدينة مكناس - المغرب
2025-12-30,07:13,13:25,16:04,18:23,19:37,مدينة مكناس - المغرب
2025-12-31,07:13,13:25,16:05,18:24,19:38,مدينة مكناس - المغرب
